sub_type_id,avg_csat_score,sub_type
3,36.45012406947890818774,ent_plus
2,24.64353357225927420259,pro_plus
1,5.49450549450549450544,team_plus
0,1.33136094674556213013,No Service
